Category,File
KARAN,images\Vertical\DCAR01.png
BRAHMA,images\Vertical\DCBR01.png
BRAHMA,images\Vertical\DCBR02.png
BRAHMA,images\Vertical\DCBR03.png
BRAHMA,images\Vertical\DCBR04.png
DURGA,images\Vertical\DCDR05.png
DURGA,images\Vertical\DCDR06.png
DURGA,images\Vertical\DCDR07.png
DURGA,images\Vertical\DCDR08.png
GANESHA,images\Vertical\DCGN01.png
GANESHA,images\Vertical\DCGN02.png
GANESHA,images\Vertical\DCGN03.png
GANESHA,images\Vertical\DCGN04.png
GANESHA,images\Vertical\DCGN05.png
GANESHA,images\Vertical\DCGN06.png
GANESHA,images\Vertical\DCGN07.png
GANESHA,images\Vertical\DCGN08.png
HANUMAN,images\Vertical\DCHM01.png
HANUMAN,images\Vertical\DCHM02.png
HANUMAN,images\Vertical\DCHM03.png
HANUMAN,images\Vertical\DCHM04.png
HANUMAN,images\Vertical\DCHM05.png
HANUMAN,images\Vertical\DCHM06.png
HANUMAN,images\Vertical\DCHM07.png
HANUMAN,images\Vertical\DCHM08.png
HANUMAN,images\Vertical\DCHM09.png
HANUMAN,images\Vertical\DCHM10.png
HANUMAN,images\Vertical\DCHM11.png
HANUMAN,images\Vertical\DCHM12.png
KRISHNA,images\Vertical\DCKR01.png
KRISHNA,images\Vertical\DCKR02.png
KRISHNA,images\Vertical\DCKR03.png
KRISHNA,images\Vertical\DCKR04.png
KRISHNA,images\Vertical\DCKR05.png
KRISHNA,images\Vertical\DCKR06.png
KRISHNA,images\Vertical\DCKR07.png
KRISHNA,images\Vertical\DCKR08.png
KRISHNA,images\Vertical\DCKR09.png
KRISHNA,images\Vertical\DCKR10.png
KRISHNA,images\Vertical\DCKR11.png
KRISHNA,images\Vertical\DCKR12.png
KRISHNA,images\Vertical\DCKR13.png
KRISHNA,images\Vertical\DCKR14.png
KRISHNA,images\Vertical\DCKR15.png
KRISHNA,images\Vertical\DCKR16.png
KRISHNA,images\Vertical\DCKR17.png
KRISHNA,images\Vertical\DCKR18.png
KRISHNA,images\Vertical\DCKR19.png
KRISHNA,images\Vertical\DCKR20.png
KRISHNA,images\Vertical\DCKR21.png
KRISHNA,images\Vertical\DCKR22.png
GURU NANAK,images\Vertical\DCNA01.png
GURU NANAK,images\Vertical\DCNA02.png
GURU NANAK,images\Vertical\DCNA03.png
GURU NANAK,images\Vertical\DCNA04.png
GURU NANAK,images\Vertical\DCNA05.png
GURU NANAK,images\Vertical\DCNA06.png
RAM,images\Vertical\DCRM01.png
RAM,images\Vertical\DCRM02.png
RAM,images\Vertical\DCRM03.png
RAM,images\Vertical\DCRM04.png
RAM,images\Vertical\DCRM05.png
RAM,images\Vertical\DCRM06.png
RAM,images\Vertical\DCRM07.png
RAM,images\Vertical\DCRM08.png
RAM,images\Vertical\DCRM09.png
RAM,images\Vertical\DCRM10.png
SHIVA,images\Vertical\DCSH01.png
SHIVA,images\Vertical\DCSH02.png
SHIVA,images\Vertical\DCSH03.png
SHIVA,images\Vertical\DCSH04.png
SHIVA,images\Vertical\DCSH05.png
SHIVA,images\Vertical\DCSH06.png
SHIVA,images\Vertical\DCSH07.png
SHIVA,images\Vertical\DCSH08.png
SHIVA,images\Vertical\DCSH09.png
SHIVA,images\Vertical\DCSH10.png
SHIVA,images\Vertical\DCSH11.png
SHIVA,images\Vertical\DCSH12.png
SHIVA,images\Vertical\DCSH13.png
SHIVA,images\Vertical\DCSH14.png
SHIVA,images\Vertical\DCSH15.png
SHIVA,images\Vertical\DCSH16.png
SHIVA,images\Vertical\DCSH17.png
SHIVA,images\Vertical\DCSH18.png
SHIVA,images\Vertical\DCSH19.png
SHIVA,images\Vertical\DCSH20.png
SHIVA,images\Vertical\DCSH21.png
SHIVA,images\Vertical\DCSH22.png
SHIVA,images\Vertical\DCSH23.png
SHIVA,images\Vertical\DCSH24.png
SHIVA,images\Vertical\DCSH25.png
SHIVA,images\Vertical\DCSH26.png
SHIVA,images\Vertical\DCSH27.png
SHIVA,images\Vertical\DCSH28.png
SHIVA,images\Vertical\DCSH29.png
VISHNU,images\Vertical\DCVI01.png
VISHNU,images\Vertical\DCVI02.png
VISHNU,images\Vertical\DCVI03.png
VISHNU,images\Vertical\DCVI04.png
PARSHURAM,images\Vertical\DCPR01.png
PARSHURAM,images\Vertical\DCPR02.png
PARSHURAM,images\Vertical\DCPR03.png
PARSHURAM,images\Vertical\DCPR04.png
PARSHURAM,images\Vertical\DCPR05.png
PARSHURAM,images\Vertical\DCPR06.png
